;A
0;"1;1;CDU;Christlich;Demokratische;Union;Deutschlands;Heidan,;Frank"
1;"1;2;DIE;LINKE;DIE;LINKE;Schwarz,;Maik"
2;"1;3;SPD;Sozialdemokratische;Partei;Deutschlands;Pfeil-Zabel,;Juliane"
3;"1;4;AfD;Alternative;für;Deutschland;Schaufel,;Dietmar;Frank"
4;"1;5;GRÜNE;BÜNDNIS;90/DIE;GRÜNEN;Liebscher,;Gerhard"
5;"1;7;FDP;Freie;Demokratische;Partei;Gerbeth,;Sven"
6;"1;8;FREIE;WÄHLER;FREIE;WÄHLER;van;Heiden,;Daniel"
7;"2;1;CDU;Christlich;Demokratische;Union;Deutschlands;Heinz,;Andreas"
8;"2;2;DIE;LINKE;DIE;LINKE;Pfau,;Janina"
9;"2;3;SPD;Sozialdemokratische;Partei;Deutschlands;Stade,;Gertrud"
10;"2;4;AfD;Alternative;für;Deutschland;Lupart,;Ulrich;Willi"
11;"2;5;GRÜNE;BÜNDNIS;90/DIE;GRÜNEN;Przisambor,;Danny"
12;"2;7;FDP;Freie;Demokratische;Partei;Schwabe,;Christof"
13;"3;1;CDU;Christlich;Demokratische;Union;Deutschlands;Voigt,;Sören"
14;"3;2;DIE;LINKE;DIE;LINKE;Grünler,;Kai"
15;"3;3;SPD;Sozialdemokratische;Partei;Deutschlands;Wenzel,;Silvia"
16;"3;4;AfD;Alternative;für;Deutschland;Hauswald,;Lutz"
17;"3;5;GRÜNE;BÜNDNIS;90/DIE;GRÜNEN;Ihle,;Volkmar"
18;"3;7;FDP;Freie;Demokratische;Partei;Ziron,;Jeremy"
19;"3;8;FREIE;WÄHLER;FREIE;WÄHLER;Petzold,;Jürgen"
20;"3;20;DSU;Deutsche;Soziale;Union;Hennebach,;Claudia"
21;"4;1;CDU;Christlich;Demokratische;Union;Deutschlands;Hösl,;Stephan"
22;"4;2;DIE;LINKE;DIE;LINKE;Legath,;Lars"
23;"4;3;SPD;Sozialdemokratische;Partei;Deutschlands;Kost,;Dr.;Siegfried"
24;"4;4;AfD;Alternative;für;Deutschland;Weller,;Rico"
25;"4;5;GRÜNE;BÜNDNIS;90/DIE;GRÜNEN;Tröger,;Manja"
26;"4;7;FDP;Freie;Demokratische;Partei;Bretschneider,;Andreas"
27;"4;8;FREIE;WÄHLER;FREIE;WÄHLER;Martin,;Cathleen"
28;"5;1;CDU;Christlich;Demokratische;Union;Deutschlands;Nicolaus,;Kerstin"
29;"5;2;DIE;LINKE;DIE;LINKE;Koutzky,;Klaus;Thomas"
30;"5;3;SPD;Sozialdemokratische;Partei;Deutschlands;Heinzig,;Steffi"
31;"5;4;AfD;Alternative;für;Deutschland;Dölitzsch,;Daniel"
32;"5;5;GRÜNE;BÜNDNIS;90/DIE;GRÜNEN;Korn,;Manuel"
33;"5;7;FDP;Freie;Demokratische;Partei;Roßberg,;Joachim"
34;"5;8;FREIE;WÄHLER;FREIE;WÄHLER;Heinrich,;Susan"
35;"6;1;CDU;Christlich;Demokratische;Union;Deutschlands;Löffler,;Jan"
36;"6;2;DIE;LINKE;DIE;LINKE;Döhler,;Heiko"
37;"6;3;SPD;Sozialdemokratische;Partei;Deutschlands;Lasch,;Sebastian"
38;"6;4;AfD;Alternative;für;Deutschland;Hahn,;Christopher"
39;"6;5;GRÜNE;BÜNDNIS;90/DIE;GRÜNEN;Oehler,;André"
40;"6;7;FDP;Freie;Demokratische;Partei;Köhler,;Leon"
41;"7;1;CDU;Christlich;Demokratische;Union;Deutschlands;Otto,;Gerald"
42;"7;2;DIE;LINKE;DIE;LINKE;Hahn,;René"
43;"7;3;SPD;Sozialdemokratische;Partei;Deutschlands;Pecher,;Mario"
44;"7;4;AfD;Alternative;für;Deutschland;Keil,;Wolfram;Klaus"
45;"7;5;GRÜNE;BÜNDNIS;90/DIE;GRÜNEN;Laube,;Franziska"
46;"7;7;FDP;Freie;Demokratische;Partei;Kolev,;Dr.;Stefan"
47;"7;8;FREIE;WÄHLER;FREIE;WÄHLER;Drechsel,;Christiane"
48;"8;1;CDU;Christlich;Demokratische;Union;Deutschlands;Springer,;Ines"
49;"8;2;DIE;LINKE;DIE;LINKE;Schneider,;Marlies"
50;"8;3;SPD;Sozialdemokratische;Partei;Deutschlands;Beyer,;Felix"
51;"8;4;AfD;Alternative;für;Deutschland;Seifert,;Thomas"
52;"8;5;GRÜNE;BÜNDNIS;90/DIE;GRÜNEN;Wetzel,;Wolfgang"
53;"8;7;FDP;Freie;Demokratische;Partei;Tippelt,;Nico"
54;"8;8;FREIE;WÄHLER;FREIE;WÄHLER;Ulbricht,;Matthias"
55;"9;1;CDU;Christlich;Demokratische;Union;Deutschlands;Hippold,;Jan"
56;"9;2;DIE;LINKE;DIE;LINKE;Weiß,;Alexander"
57;"9;3;SPD;Sozialdemokratische;Partei;Deutschlands;Raether-Lordieck,;Iris"
58;"9;4;AfD;Alternative;für;Deutschland;Frünke,;Manfred;Stefan"
59;"9;5;GRÜNE;BÜNDNIS;90/DIE;GRÜNEN;Dörner,;Lars"
60;"9;7;FDP;Freie;Demokratische;Partei;Groß,;Florian"
61;"10;1;CDU;Christlich;Demokratische;Union;Deutschlands;Patt,;Peter;Wilhelm"
62;"10;2;DIE;LINKE;DIE;LINKE;Brünler,;Nico"
63;"10;3;SPD;Sozialdemokratische;Partei;Deutschlands;Kliese,;Hanka"
64;"10;4;AfD;Alternative;für;Deutschland;Köhler,;Nico"
65;"10;5;GRÜNE;BÜNDNIS;90/DIE;GRÜNEN;Zschocke,;Volkmar"
66;"10;7;FDP;Freie;Demokratische;Partei;Kollinger-Walter,;Felicia"
67;"10;8;FREIE;WÄHLER;FREIE;WÄHLER;Heinicke,;Michael"
68;"10;11;Die;PARTEI;Partei;für;Arbeit,;Kalusche,;Siegfried;Uwe"
69;"10;25;-;Weil;ich;es;kann;Richter,;Daniel"
70;"11;1;CDU;Christlich;Demokratische;Union;Deutschlands;Dierks,;Alexander"
71;"11;2;DIE;LINKE;DIE;LINKE;Schaper,;Susanne"
72;"11;3;SPD;Sozialdemokratische;Partei;Deutschlands;Renz,;Jürgen"
73;"11;4;AfD;Alternative;für;Deutschland;Dringenberg,;Dr.;Volker;Götz"
74;"11;5;GRÜNE;BÜNDNIS;90/DIE;GRÜNEN;Kuhfuß,;Kathleen"
75;"11;7;FDP;Freie;Demokratische;Partei;Tauscher,;Daniel"
76;"11;8;FREIE;WÄHLER;FREIE;WÄHLER;Friese,;Jens"
77;"11;22;PRO;CHEMNITZ;PRO;CHEMNITZ;Wenzel,;Winfried;Lothar"
78;"12;1;CDU;Christlich;Demokratische;Union;Deutschlands;Saborowski,;Ines"
79;"12;2;DIE;LINKE;DIE;LINKE;Detzner,;Tim"
80;"12;3;SPD;Sozialdemokratische;Partei;Deutschlands;Vieweg,;Jörg"
81;"12;4;AfD;Alternative;für;Deutschland;Wegert,;Harald;Steffen"
82;"12;5;GRÜNE;BÜNDNIS;90/DIE;GRÜNEN;Mäder,;Susann"
83;"12;7;FDP;Freie;Demokratische;Partei;Bui,;Dinh;Hai"
84;"12;8;FREIE;WÄHLER;FREIE;WÄHLER;Eberlein,;Jens;Matthias"
85;"12;22;PRO;CHEMNITZ;PRO;CHEMNITZ;Kohlmann,;Karl;Martin"
86;"13;1;CDU;Christlich;Demokratische;Union;Deutschlands;Anton,;Rico"
87;"13;2;DIE;LINKE;DIE;LINKE;Schöniger,;Susann"
88;"13;3;SPD;Sozialdemokratische;Partei;Deutschlands;Ebert,;Susanne"
89;"13;4;AfD;Alternative;für;Deutschland;Dietz,;Thomas"
90;"13;5;GRÜNE;BÜNDNIS;90/DIE;GRÜNEN;Reinhold,;Heiko"
91;"13;7;FDP;Freie;Demokratische;Partei;Jakob,;Colin"
92;"13;8;FREIE;WÄHLER;FREIE;WÄHLER;Gärtner,;Udo"
93;"14;1;CDU;Christlich;Demokratische;Union;Deutschlands;Dietrich,;Eric"
94;"14;2;DIE;LINKE;DIE;LINKE;Gebhardt,;Rico"
95;"14;3;SPD;Sozialdemokratische;Partei;Deutschlands;Müller,;René"
96;"14;4;AfD;Alternative;für;Deutschland;Körner,;Manfred"
97;"14;5;GRÜNE;BÜNDNIS;90/DIE;GRÜNEN;Kaettniß,;Uwe;Stieven"
98;"14;7;FDP;Freie;Demokratische;Partei;Schmidt,;Volker"
99;"14;8;FREIE;WÄHLER;FREIE;WÄHLER;Görk,;Otto;Detlef"
100;"15;1;CDU;Christlich;Demokratische;Union;Deutschlands;Haude,;Falk"
101;"15;2;DIE;LINKE;DIE;LINKE;Zimmer,;Holger"
102;"15;3;SPD;Sozialdemokratische;Partei;Deutschlands;Lang,;Simone"
103;"15;4;AfD;Alternative;für;Deutschland;Thumm,;Thomas"
104;"15;5;GRÜNE;BÜNDNIS;90/DIE;GRÜNEN;Kahl,;Ulrike"
105;"15;7;FDP;Freie;Demokratische;Partei;Schmuck,;Heiko"
106;"15;8;FREIE;WÄHLER;FREIE;WÄHLER;Zimmermann,;Jens"
107;"16;1;CDU;Christlich;Demokratische;Union;Deutschlands;Wähner,;Ronny"
108;"16;2;DIE;LINKE;DIE;LINKE;Feiks,;Antje"
109;"16;3;SPD;Sozialdemokratische;Partei;Deutschlands;Wittig,;Sören"
110;"16;4;AfD;Alternative;für;Deutschland;Prantl,;Thomas"
111;"16;5;GRÜNE;BÜNDNIS;90/DIE;GRÜNEN;Haustein,;Nino"
112;"16;7;FDP;Freie;Demokratische;Partei;Wohlgemuth,;Enrico"
113;"16;8;FREIE;WÄHLER;FREIE;WÄHLER;Großmann,;Beate"
114;"17;1;CDU;Christlich;Demokratische;Union;Deutschlands;Markert,;Jörg"
115;"17;2;DIE;LINKE;DIE;LINKE;Noack,;Kathleen"
116;"17;3;SPD;Sozialdemokratische;Partei;Deutschlands;Ringeis,;Richard"
117;"17;4;AfD;Alternative;für;Deutschland;Gahler,;Torsten"
118;"17;5;GRÜNE;BÜNDNIS;90/DIE;GRÜNEN;Meister,;Kay"
119;"17;7;FDP;Freie;Demokratische;Partei;Günther,;Tino"
120;"17;8;FREIE;WÄHLER;FREIE;WÄHLER;Schwan,;Marc"
121;"18;1;CDU;Christlich;Demokratische;Union;Deutschlands;Leithoff,;Susan"
122;"18;2;DIE;LINKE;DIE;LINKE;Christoph,;Toni;Dietmar"
123;"18;3;SPD;Sozialdemokratische;Partei;Deutschlands;Wyschkon,;Sylvio"
124;"18;4;AfD;Alternative;für;Deutschland;Penz,;Romy"
125;"18;5;GRÜNE;BÜNDNIS;90/DIE;GRÜNEN;Walter,;Sebastian"
126;"18;7;FDP;Freie;Demokratische;Partei;Helfen,;Werner"
127;"18;8;FREIE;WÄHLER;FREIE;WÄHLER;Büttner,;Klaus"
128;"19;1;CDU;Christlich;Demokratische;Union;Deutschlands;Ittershagen,;Steve"
129;"19;2;DIE;LINKE;DIE;LINKE;Pinka,;Dr.;Jana"
130;"19;3;SPD;Sozialdemokratische;Partei;Deutschlands;Geißler,;Alexander"
131;"19;4;AfD;Alternative;für;Deutschland;Weigand,;Dr.;Rolf"
132;"19;5;GRÜNE;BÜNDNIS;90/DIE;GRÜNEN;Scholz,;Markus"
133;"19;7;FDP;Freie;Demokratische;Partei;Karabinski,;Benjamin"
134;"19;8;FREIE;WÄHLER;FREIE;WÄHLER;Gustmann,;Holger"
135;"20;1;CDU;Christlich;Demokratische;Union;Deutschlands;Firmenich,;Iris"
136;"20;2;DIE;LINKE;DIE;LINKE;Fechner,;Eyk"
137;"20;3;SPD;Sozialdemokratische;Partei;Deutschlands;Mende,;Oliver"
138;"20;4;AfD;Alternative;für;Deutschland;Zielinski,;Holger"
139;"20;5;GRÜNE;BÜNDNIS;90/DIE;GRÜNEN;Sauer,;Renate"
140;"20;7;FDP;Freie;Demokratische;Partei;Hartewig,;Philipp"
141;"20;8;FREIE;WÄHLER;FREIE;WÄHLER;Walter-Bretschneider,;Rico"
142;"21;1;CDU;Christlich;Demokratische;Union;Deutschlands;Dr.;Lehle,;Rudolf"
143;"21;2;DIE;LINKE;DIE;LINKE;Tändler-Walenta,;Marika"
144;"21;3;SPD;Sozialdemokratische;Partei;Deutschlands;Homann,;Henning"
145;"21;4;AfD;Alternative;für;Deutschland;Kuppi,;Lars"
146;"21;5;GRÜNE;BÜNDNIS;90/DIE;GRÜNEN;Anderfuhren,;Maria-Christin"
147;"21;7;FDP;Freie;Demokratische;Partei;Cyrnik,;Constanze"
148;"21;8;FREIE;WÄHLER;FREIE;WÄHLER;Weißflog,;Sven"
149;"22;1;CDU;Christlich;Demokratische;Union;Deutschlands;Schmidt,;Thomas"
150;"22;2;DIE;LINKE;DIE;LINKE;Sobolewski,;Robert"
151;"22;3;SPD;Sozialdemokratische;Partei;Deutschlands;Sarfert,;Steve"
152;"22;4;AfD;Alternative;für;Deutschland;Wesemann,;Christian"
153;"22;5;GRÜNE;BÜNDNIS;90/DIE;GRÜNEN;Günther,;Wolfram"
154;"22;7;FDP;Freie;Demokratische;Partei;Becker,;Miro"
155;"22;8;FREIE;WÄHLER;FREIE;WÄHLER;Stein,;Dr.;Mario"
156;"23;1;CDU;Christlich;Demokratische;Union;Deutschlands;von;Breitenbuch,;Georg-Ludwig"
157;"23;2;DIE;LINKE;DIE;LINKE;Stange,;Enrico"
158;"23;3;SPD;Sozialdemokratische;Partei;Deutschlands;Urban,;Oliver"
159;"23;4;AfD;Alternative;für;Deutschland;May,;Frank"
160;"23;5;GRÜNE;BÜNDNIS;90/DIE;GRÜNEN;Lippold,;Dr.;Gerd"
161;"23;7;FDP;Freie;Demokratische;Partei;Görnitz,;Stefan"
162;"23;8;FREIE;WÄHLER;FREIE;WÄHLER;Noack,;Falk"
163;"24;1;CDU;Christlich;Demokratische;Union;Deutschlands;Fritzsche,;Oliver"
164;"24;2;DIE;LINKE;DIE;LINKE;Jalaß,;René"
165;"24;3;SPD;Sozialdemokratische;Partei;Deutschlands;Köpping,;Petra"
166;"24;4;AfD;Alternative;für;Deutschland;Gärtner,;Elke"
167;"24;5;GRÜNE;BÜNDNIS;90/DIE;GRÜNEN;Penk,;Tommy"
168;"24;7;FDP;Freie;Demokratische;Partei;Jonas,;Anja"
169;"24;8;FREIE;WÄHLER;FREIE;WÄHLER;Oehlert,;Heike;Ellen"
170;"25;1;CDU;Christlich;Demokratische;Union;Deutschlands;Kirmes,;Svend-Gunnar"
171;"25;2;DIE;LINKE;DIE;LINKE;Köditz,;Kerstin"
172;"25;3;SPD;Sozialdemokratische;Partei;Deutschlands;Runge,;Ingo"
173;"25;4;AfD;Alternative;für;Deutschland;Dornau,;Jörg"
174;"25;5;GRÜNE;BÜNDNIS;90/DIE;GRÜNEN;Engelhardt,;André"
175;"25;7;FDP;Freie;Demokratische;Partei;Constantin,;Matthias"
176;"25;8;FREIE;WÄHLER;FREIE;WÄHLER;Schmiedel,;Matthias"
177;"25;14;Blaue;#TeamPetry;Die;blaue;Partei;von;Below,;Dorothea;Bärbel;Ursula"
178;"26;1;CDU;Christlich;Demokratische;Union;Deutschlands;Ritter,;Kay"
179;"26;2;DIE;LINKE;DIE;LINKE;Kretzschmar,;Jens"
180;"26;3;SPD;Sozialdemokratische;Partei;Deutschlands;Kilian,;Birgit"
181;"26;4;AfD;Alternative;für;Deutschland;Zaunick,;Jens"
182;"26;5;GRÜNE;BÜNDNIS;90/DIE;GRÜNEN;Schmidt,;Annett"
183;"26;7;FDP;Freie;Demokratische;Partei;Drews,;Sebastian"
184;"26;8;FREIE;WÄHLER;FREIE;WÄHLER;Dietze,;Dieter;Andreas"
185;"27;1;CDU;Christlich;Demokratische;Union;Deutschlands;Pohle,;Ronald"
186;"27;2;DIE;LINKE;DIE;LINKE;Fuchs,;Angela"
187;"27;3;SPD;Sozialdemokratische;Partei;Deutschlands;Arpaci,;Arnold"
188;"27;4;AfD;Alternative;für;Deutschland;Penndorf,;Kerstin"
189;"27;5;GRÜNE;BÜNDNIS;90/DIE;GRÜNEN;Fehse-Klinke,;Andre"
190;"27;7;FDP;Freie;Demokratische;Partei;Gehrhardt,;Michael"
191;"27;8;FREIE;WÄHLER;FREIE;WÄHLER;Winkler,;Ralf;Reinhard"
192;"28;1;CDU;Christlich;Demokratische;Union;Deutschlands;Albrecht,;Karsten"
193;"28;2;DIE;LINKE;DIE;LINKE;Nagel,;Juliane"
194;"28;3;SPD;Sozialdemokratische;Partei;Deutschlands;Menzel,;Lars"
195;"28;4;AfD;Alternative;für;Deutschland;Wiesner,;Alexander"
196;"28;5;GRÜNE;BÜNDNIS;90/DIE;GRÜNEN;Piechotta,;Dr.;Paula"
197;"28;7;FDP;Freie;Demokratische;Partei;Ascherl,;Rudolf"
198;"28;8;FREIE;WÄHLER;FREIE;WÄHLER;Bohse,;Reinhard"
199;"28;11;Die;PARTEI;Partei;für;Arbeit,;Kumbernuß,;Thomas"
200;"29;1;CDU;Christlich;Demokratische;Union;Deutschlands;Nowak,;Andreas"
201;"29;2;DIE;LINKE;DIE;LINKE;Bednarsky,;Dr.;Adam"
202;"29;3;SPD;Sozialdemokratische;Partei;Deutschlands;Heinke,;Waltra"
203;"29;4;AfD;Alternative;für;Deutschland;Böhme,;Petra"
204;"29;5;GRÜNE;BÜNDNIS;90/DIE;GRÜNEN;Cagalj;Sejdi,;Petra"
205;"29;7;FDP;Freie;Demokratische;Partei;Vosberg,;Friedrich"
206;"29;8;FREIE;WÄHLER;FREIE;WÄHLER;Baier,;Monika"
207;"29;12;BüSo;Bürgerrechtsbewegung;Solidarität;Gründler,;Birgitta"
208;"30;1;CDU;Christlich;Demokratische;Union;Deutschlands;Weickert,;Michael"
209;"30;2;DIE;LINKE;DIE;LINKE;Böhme,;Marco"
210;"30;3;SPD;Sozialdemokratische;Partei;Deutschlands;Rudolph-Kokot,;Irena"
211;"30;4;AfD;Alternative;für;Deutschland;Pasemann,;Falk-Gert"
212;"30;5;GRÜNE;BÜNDNIS;90/DIE;GRÜNEN;Maicher,;Dr.;Claudia"
213;"30;7;FDP;Freie;Demokratische;Partei;Münch,;Judith"
214;"30;8;FREIE;WÄHLER;FREIE;WÄHLER;Schröder,;Carola"
215;"30;14;Blaue;#TeamPetry;Die;blaue;Partei;Fechner,;Frank"
216;"31;1;CDU;Christlich;Demokratische;Union;Deutschlands;Clemen,;Robert"
217;"31;2;DIE;LINKE;DIE;LINKE;Ehms,;Beate"
218;"31;3;SPD;Sozialdemokratische;Partei;Deutschlands;Panter,;Dirk"
219;"31;4;AfD;Alternative;für;Deutschland;Kühne,;Jörg;Steffen"
220;"31;5;GRÜNE;BÜNDNIS;90/DIE;GRÜNEN;Melcher,;Christin"
221;"31;7;FDP;Freie;Demokratische;Partei;Pfüller,;Michael"
222;"31;8;FREIE;WÄHLER;FREIE;WÄHLER;Soudah,;André"
223;"31;11;Die;PARTEI;Partei;für;Arbeit,Nagy,;Michael"
224;"32;1;CDU;Christlich;Demokratische;Union;Deutschlands;Rost,;Wolf-Dietrich"
225;"32;2;DIE;LINKE;DIE;LINKE;Götze,;Marco"
226;"32;3;SPD;Sozialdemokratische;Partei;Deutschlands;Mann,;Holger"
227;"32;4;AfD;Alternative;für;Deutschland;Keller,;Tobias;Martin"
228;"32;5;GRÜNE;BÜNDNIS;90/DIE;GRÜNEN;Spenn,;Johannes"
229;"32;7;FDP;Freie;Demokratische;Partei;Franke,;Kristin"
230;"32;8;FREIE;WÄHLER;FREIE;WÄHLER;Weidinger,;Thomas"
231;"32;12;BüSo;Bürgerrechtsbewegung;Solidarität;Fellauer,;Madeleine"
232;"33;1;CDU;Christlich;Demokratische;Union;Deutschlands;Gasse,;Holger"
233;"33;2;DIE;LINKE;DIE;LINKE;Sodann,;Franz"
234;"33;3;SPD;Sozialdemokratische;Partei;Deutschlands;Schmidt,;Michael"
235;"33;4;AfD;Alternative;für;Deutschland;Hentschel,;Holger"
236;"33;5;GRÜNE;BÜNDNIS;90/DIE;GRÜNEN;Gerber,;Dr.;Daniel"
237;"33;7;FDP;Freie;Demokratische;Partei;Kraus,;Christof"
238;"33;8;FREIE;WÄHLER;FREIE;WÄHLER;Baier,;Robert"
239;"33;11;Die;PARTEI;Partei;für;Arbeit,;Gonsior,;Julius"
240;"33;12;BüSo;Bürgerrechtsbewegung;Solidarität;Scharf,;Jürgen"
241;"33;26;WIR;sind;LEIPZIGER;WIR;sind;LEIPZIGER;Kohl,;Ralf;Detlef"
242;"34;1;CDU;Christlich;Demokratische;Union;Deutschlands;Kiesewetter,;Jörg"
243;"34;2;DIE;LINKE;DIE;LINKE;Stoye,;Christian"
244;"34;3;SPD;Sozialdemokratische;Partei;Deutschlands;Holke,;Martin"
245;"34;4;AfD;Alternative;für;Deutschland;Ulbrich,;Roland;Walter;Hermann"
246;"34;5;GRÜNE;BÜNDNIS;90/DIE;GRÜNEN;Schneider,;Anna"
247;"34;7;FDP;Freie;Demokratische;Partei;Mainz,;Detlef;Kaspar"
248;"34;8;FREIE;WÄHLER;FREIE;WÄHLER;Corsa,;Constantin"
249;"35;1;CDU;Christlich;Demokratische;Union;Deutschlands;Gemkow,;Sebastian"
250;"35;2;DIE;LINKE;DIE;LINKE;Neuhaus-Wartenberg,;Luise"
251;"35;3;SPD;Sozialdemokratische;Partei;Deutschlands;Teuber,;Mathias"
252;"35;4;AfD;Alternative;für;Deutschland;Bochmann,;René"
253;"35;5;GRÜNE;BÜNDNIS;90/DIE;GRÜNEN;Kunze,;Enrico"
254;"35;7;FDP;Freie;Demokratische;Partei;Schieritz,;Stefan"
255;"35;8;FREIE;WÄHLER;FREIE;WÄHLER;Rabe,;Birgit"
256;"36;1;CDU;Christlich;Demokratische;Union;Deutschlands;Merbitz,;Bernd"
257;"36;2;DIE;LINKE;DIE;LINKE;Bagusat-Sehrt,;Michael"
258;"36;3;SPD;Sozialdemokratische;Partei;Deutschlands;Winkler,;Volkmar"
259;"36;4;AfD;Alternative;für;Deutschland;Petzold,;Gudrun"
260;"36;5;GRÜNE;BÜNDNIS;90/DIE;GRÜNEN;Scheller,;Johanna;Barbara"
261;"36;7;FDP;Freie;Demokratische;Partei;Waitz,;Christoph"
262;"36;8;FREIE;WÄHLER;FREIE;WÄHLER;Wendt,;Denise"
263;"37;1;CDU;Christlich;Demokratische;Union;Deutschlands;Mackenroth,;Geert"
264;"37;2;DIE;LINKE;DIE;LINKE;Knebel,;Uta"
265;"37;3;SPD;Sozialdemokratische;Partei;Deutschlands;Drechsler,;Amrei"
266;"37;4;AfD;Alternative;für;Deutschland;Hütter,;Carsten"
267;"37;5;GRÜNE;BÜNDNIS;90/DIE;GRÜNEN;Meier,;Katja"
268;"37;7;FDP;Freie;Demokratische;Partei;Borner,;Sven"
269;"37;8;FREIE;WÄHLER;FREIE;WÄHLER;Wamser,;Dieter"
270;"38;1;CDU;Christlich;Demokratische;Union;Deutschlands;Fischer,;Sebastian"
271;"38;2;DIE;LINKE;DIE;LINKE;Richter,;Erik;Christopher"
272;"38;3;SPD;Sozialdemokratische;Partei;Deutschlands;Schittko,;Katja"
273;"38;4;AfD;Alternative;für;Deutschland;Beger,;Mario"
274;"38;5;GRÜNE;BÜNDNIS;90/DIE;GRÜNEN;Berndt,;Thomas"
275;"38;7;FDP;Freie;Demokratische;Partei;Pursche,;Berthold"
276;"38;8;FREIE;WÄHLER;FREIE;WÄHLER;Langerfeld,;André"
277;"39;1;CDU;Christlich;Demokratische;Union;Deutschlands;Kuge,;Daniela"
278;"39;2;DIE;LINKE;DIE;LINKE;Hellmann,;Tilo"
279;"39;3;SPD;Sozialdemokratische;Partei;Deutschlands;Richter,;Frank"
280;"39;4;AfD;Alternative;für;Deutschland;Kirste,;Thomas"
281;"39;5;GRÜNE;BÜNDNIS;90/DIE;GRÜNEN;Wengenmayr,;Martin"
282;"39;7;FDP;Freie;Demokratische;Partei;Bahrmann,;Martin"
283;"39;8;FREIE;WÄHLER;FREIE;WÄHLER;Reimann-Bernhardt,;Dr.;Brit"
284;"40;1;CDU;Christlich;Demokratische;Union;Deutschlands;Rößler,;Dr.;Matthias"
285;"40;2;DIE;LINKE;DIE;LINKE;Borowitzki,;Daniel;Falco"
286;"40;3;SPD;Sozialdemokratische;Partei;Deutschlands;Dulig,;Martin"
287;"40;4;AfD;Alternative;für;Deutschland;Hein,;René"
288;"40;5;GRÜNE;BÜNDNIS;90/DIE;GRÜNEN;Plessing,;Dr.;Tobias"
289;"40;7;FDP;Freie;Demokratische;Partei;Wolf,;Alexander"
290;"40;8;FREIE;WÄHLER;FREIE;WÄHLER;Kroemer,;Bernhard"
291;"40;12;BüSo;Bürgerrechtsbewegung;Solidarität;Born,;Thomas"
292;"41;1;CDU;Christlich;Demokratische;Union;Deutschlands;Hartmann,;Christian"
293;"41;2;DIE;LINKE;DIE;LINKE;Buddeberg,;Sarah"
294;"41;3;SPD;Sozialdemokratische;Partei;Deutschlands;Chaimite,;Emiliano"
295;"41;4;AfD;Alternative;für;Deutschland;Wilke,;Karin"
296;"41;5;GRÜNE;BÜNDNIS;90/DIE;GRÜNEN;Lippmann,;Valentin"
297;"41;7;FDP;Freie;Demokratische;Partei;Günther,;Torsten"
298;"41;11;Die;PARTEI;Partei;für;Arbeit,Hinze,;Sören"
299;"42;1;CDU;Christlich;Demokratische;Union;Deutschlands;Piwarz,;Christian"
300;"42;2;DIE;LINKE;DIE;LINKE;Fehst,;Franziska"
301;"42;3;SPD;Sozialdemokratische;Partei;Deutschlands;Sturm,;Kristin"
302;"42;4;AfD;Alternative;für;Deutschland;Wendt,;André"
303;"42;5;GRÜNE;BÜNDNIS;90/DIE;GRÜNEN;Mühle,;Andrea"
304;"42;7;FDP;Freie;Demokratische;Partei;Mogwitz,;Andreas"
305;"43;1;CDU;Christlich;Demokratische;Union;Deutschlands;Flemming,;Ingo"
306;"43;2;DIE;LINKE;DIE;LINKE;Holowenko,;Anne"
307;"43;3;SPD;Sozialdemokratische;Partei;Deutschlands;Pallas,;Albrecht"
308;"43;4;AfD;Alternative;für;Deutschland;Ladzinski,;Thomas"
309;"43;5;GRÜNE;BÜNDNIS;90/DIE;GRÜNEN;Mehn,;Henriette"
310;"43;7;FDP;Freie;Demokratische;Partei;Kunz,;Thomas"
311;"43;11;Die;PARTEI;Partei;für;Arbeit,;Hencker,;Philipp"
312;"44;1;CDU;Christlich;Demokratische;Union;Deutschlands;Modschiedler,;Martin"
313;"44;2;DIE;LINKE;DIE;LINKE;Wirtz,;Tilo"
314;"44;3;SPD;Sozialdemokratische;Partei;Deutschlands;Kreß,;Christian"
315;"44;4;AfD;Alternative;für;Deutschland;Jost,;Martina"
316;"44;5;GRÜNE;BÜNDNIS;90/DIE;GRÜNEN;Herrmann,;Dr.;Dietrich"
317;"44;7;FDP;Freie;Demokratische;Partei;Görnitz,;Steve"
318;"44;12;BüSo;Bürgerrechtsbewegung;Solidarität;Frömmel,;Holger"
319;"45;1;CDU;Christlich;Demokratische;Union;Deutschlands;Thiele,;Gunter"
320;"45;2;DIE;LINKE;DIE;LINKE;Schollbach,;André"
321;"45;3;SPD;Sozialdemokratische;Partei;Deutschlands;Friedel,;Sabine"
322;"45;4;AfD;Alternative;für;Deutschland;Keiler,;Dr.;Joachim"
323;"45;5;GRÜNE;BÜNDNIS;90/DIE;GRÜNEN;Löser,;Thomas"
324;"45;7;FDP;Freie;Demokratische;Partei;Streller,;Lydia"
325;"45;11;Die;PARTEI;Partei;für;Arbeit,;Brock,;Charlotte"
326;"45;12;BüSo;Bürgerrechtsbewegung;Solidarität;Gründler,;Michael"
327;"46;1;CDU;Christlich;Demokratische;Union;Deutschlands;Rohwer,;Lars"
328;"46;2;DIE;LINKE;DIE;LINKE;Kunkel,;Jenny"
329;"46;3;SPD;Sozialdemokratische;Partei;Deutschlands;Koch,;Sophie"
330;"46;4;AfD;Alternative;für;Deutschland;Harlaß,;Andreas"
331;"46;5;GRÜNE;BÜNDNIS;90/DIE;GRÜNEN;Hammecke,;Lucie"
332;"46;7;FDP;Freie;Demokratische;Partei;Hase,;Holger"
333;"47;1;CDU;Christlich;Demokratische;Union;Deutschlands;Klepsch,;Barbara"
334;"47;2;DIE;LINKE;DIE;LINKE;Gensichen,;Uta"
335;"47;3;SPD;Sozialdemokratische;Partei;Deutschlands;Drews,;Vincent"
336;"47;4;AfD;Alternative;für;Deutschland;Zickler,;Hans-Jürgen"
337;"47;5;GRÜNE;BÜNDNIS;90/DIE;GRÜNEN;Krause,;Susanne"
338;"47;7;FDP;Freie;Demokratische;Partei;Schubert,;Stefan"
339;"47;11;Die;PARTEI;Partei;für;Arbeit,;Küttner,;Robert"
340;"47;12;BüSo;Bürgerrechtsbewegung;Solidarität;Heider,;Boris"
341;"48;1;CDU;Christlich;Demokratische;Union;Deutschlands;Wöller,;Prof.;Dr.;Roland"
342;"48;2;DIE;LINKE;DIE;LINKE;Meiwald,;Uta-Verena"
343;"48;3;SPD;Sozialdemokratische;Partei;Deutschlands;Forberg,;Daniela"
344;"48;4;AfD;Alternative;für;Deutschland;Mayer,;Norbert;Otto"
345;"48;5;GRÜNE;BÜNDNIS;90/DIE;GRÜNEN;Kummer,;Ines"
346;"48;7;FDP;Freie;Demokratische;Partei;Brandau,;Lothar"
347;"48;8;FREIE;WÄHLER;FREIE;WÄHLER;Hofmann,;Andreas"
348;"48;24;V-Partei³;V-Partei³;-;Partei;für;Veränderung,;Hanke,;Martina"
349;"49;1;CDU;Christlich;Demokratische;Union;Deutschlands;Dombois,;Andrea"
350;"49;2;DIE;LINKE;DIE;LINKE;Wolf,;Steffen"
351;"49;3;SPD;Sozialdemokratische;Partei;Deutschlands;Neukirch,;Dagmar"
352;"49;4;AfD;Alternative;für;Deutschland;Barth,;André"
353;"49;5;GRÜNE;BÜNDNIS;90/DIE;GRÜNEN;Weiner,;Holger"
354;"49;7;FDP;Freie;Demokratische;Partei;Weinholtz,;Peter"
355;"49;8;FREIE;WÄHLER;FREIE;WÄHLER;Kirsten,;Thomas"
356;"50;1;CDU;Christlich;Demokratische;Union;Deutschlands;Wehner,;Oliver"
357;"50;2;DIE;LINKE;DIE;LINKE;Richter,;Lutz"
358;"50;3;SPD;Sozialdemokratische;Partei;Deutschlands;Wätzig,;Ralf"
359;"50;4;AfD;Alternative;für;Deutschland;Zwerg,;Jan-Oliver;Aldo"
360;"50;5;GRÜNE;BÜNDNIS;90/DIE;GRÜNEN;Kusic,;Martin"
361;"50;7;FDP;Freie;Demokratische;Partei;Bläsner,;Norbert"
362;"50;8;FREIE;WÄHLER;FREIE;WÄHLER;Rohrbeck,;Dirk"
363;"50;12;BüSo;Bürgerrechtsbewegung;Solidarität;Kamke,;Doris"
364;"50;14;Blaue;#TeamPetry;Die;blaue;Partei;Petry,;Dr.;Frauke"
365;"51;1;CDU;Christlich;Demokratische;Union;Deutschlands;Michel,;Jens"
366;"51;2;DIE;LINKE;DIE;LINKE;Winkler,;Thomas"
367;"51;3;SPD;Sozialdemokratische;Partei;Deutschlands;Goebel,;Peter"
368;"51;4;AfD;Alternative;für;Deutschland;Teichmann,;Ivo"
369;"51;5;GRÜNE;BÜNDNIS;90/DIE;GRÜNEN;Becker,;Irina"
370;"51;7;FDP;Freie;Demokratische;Partei;Kowalow,;Christian"
371;"51;8;FREIE;WÄHLER;FREIE;WÄHLER;Beleites,;Michael"
372;"51;21;Dr.;Müller;Dr.;Müller;Müller,;Dr.;Johannes"
373;"51;23;Schaar;Schaar;Schaar,;Eckhard"
374;"52;1;CDU;Christlich;Demokratische;Union;Deutschlands;Wissel,;Patricia"
375;"52;2;DIE;LINKE;DIE;LINKE;Muster,;Felix"
376;"52;3;SPD;Sozialdemokratische;Partei;Deutschlands;Hennersdorf,;Anja"
377;"52;4;AfD;Alternative;für;Deutschland;Peschel,;Frank"
378;"52;5;GRÜNE;BÜNDNIS;90/DIE;GRÜNEN;Jahn-Bresan,;Dr.;Peter"
379;"52;7;FDP;Freie;Demokratische;Partei;Rosenberg,;Sirko"
380;"52;8;FREIE;WÄHLER;FREIE;WÄHLER;Senft,;Walter;Georg"
381;"53;1;CDU;Christlich;Demokratische;Union;Deutschlands;Mikwauschk,;Aloysius"
382;"53;2;DIE;LINKE;DIE;LINKE;Junge,;Marion"
383;"53;3;SPD;Sozialdemokratische;Partei;Deutschlands;Michel,;Kathrin"
384;"53;4;AfD;Alternative;für;Deutschland;Schultze,;Christian;Friedrich"
385;"53;5;GRÜNE;BÜNDNIS;90/DIE;GRÜNEN;Kirchhübel,;Gerd"
386;"53;7;FDP;Freie;Demokratische;Partei;Schniebel,;Matthias"
387;"53;8;FREIE;WÄHLER;FREIE;WÄHLER;Hutschalik,;Günter;Klaus"
388;"54;1;CDU;Christlich;Demokratische;Union;Deutschlands;Kockert,;Mathias"
389;"54;2;DIE;LINKE;DIE;LINKE;Lang,;Silvio"
390;"54;3;SPD;Sozialdemokratische;Partei;Deutschlands;Dubiel-Umlauft,;André"
391;"54;4;AfD;Alternative;für;Deutschland;Schreyer,;Timo"
392;"54;5;GRÜNE;BÜNDNIS;90/DIE;GRÜNEN;Bitzka,;Jens"
393;"54;7;FDP;Freie;Demokratische;Partei;Zastrow,;Holger"
394;"54;8;FREIE;WÄHLER;FREIE;WÄHLER;Linack,;Marcel"
395;"55;1;CDU;Christlich;Demokratische;Union;Deutschlands;Hirche,;Frank;Uwe"
396;"55;2;DIE;LINKE;DIE;LINKE;Büchner,;Ralph"
397;"55;3;SPD;Sozialdemokratische;Partei;Deutschlands;Stanulla,;Kevin"
398;"55;4;AfD;Alternative;für;Deutschland;Schwietzer,;Doreen"
399;"55;5;GRÜNE;BÜNDNIS;90/DIE;GRÜNEN;Vetter,;Tom"
400;"55;7;FDP;Freie;Demokratische;Partei;Deutschmann,;Ina"
401;"55;8;FREIE;WÄHLER;FREIE;WÄHLER;Nasdala,;Dirk"
402;"56;1;CDU;Christlich;Demokratische;Union;Deutschlands;Schiemann,;Marko"
403;"56;2;DIE;LINKE;DIE;LINKE;Kosel,;Heiko"
404;"56;3;SPD;Sozialdemokratische;Partei;Deutschlands;Baumann-Haßke,;Harald"
405;"56;4;AfD;Alternative;für;Deutschland;Urban,;Jörg"
406;"56;5;GRÜNE;BÜNDNIS;90/DIE;GRÜNEN;Kühn,;Herbert;Siegfried"
407;"56;7;FDP;Freie;Demokratische;Partei;Hauschild,;Mike"
408;"56;8;FREIE;WÄHLER;FREIE;WÄHLER;Zeidler,;Ralf"
409;"56;12;BüSo;Bürgerrechtsbewegung;Solidarität;Faku,;Christoph;Tobias;Mzingisi"
410;"57;1;CDU;Christlich;Demokratische;Union;Deutschlands;Havenstein,;Tilmann"
411;"57;2;DIE;LINKE;DIE;LINKE;Mertsching,;Antonia"
412;"57;3;SPD;Sozialdemokratische;Partei;Deutschlands;Baum,;Thomas"
413;"57;4;AfD;Alternative;für;Deutschland;Kuhnert,;Roberto"
414;"57;5;GRÜNE;BÜNDNIS;90/DIE;GRÜNEN;Pilz,;Thomas"
415;"57;7;FDP;Freie;Demokratische;Partei;Grubert,;Sebastian"
416;"57;8;FREIE;WÄHLER;FREIE;WÄHLER;Hänchen,;Siegmund"
417;"58;1;CDU;Christlich;Demokratische;Union;Deutschlands;Kretschmer,;Michael"
418;"58;2;DIE;LINKE;DIE;LINKE;Schultze,;Mirko"
419;"58;3;SPD;Sozialdemokratische;Partei;Deutschlands;Thomas,;Mike"
420;"58;4;AfD;Alternative;für;Deutschland;Wippel,;Sebastian"
421;"58;5;GRÜNE;BÜNDNIS;90/DIE;GRÜNEN;Schubert,;Franziska"
422;"58;7;FDP;Freie;Demokratische;Partei;Waurich,;Stefan"
423;"58;8;FREIE;WÄHLER;FREIE;WÄHLER;Hannig,;Frank"
424;"58;11;Die;PARTEI;Partei;für;Arbeit,;Krause,;Michael"
425;"58;12;BüSo;Bürgerrechtsbewegung;Solidarität;Jakowitz,;Dietmar"
426;"59;1;CDU;Christlich;Demokratische;Union;Deutschlands;Reuter,;Matthias"
427;"59;2;DIE;LINKE;DIE;LINKE;Wobst,;Marie"
428;"59;3;SPD;Sozialdemokratische;Partei;Deutschlands;Kuhne,;Thomas"
429;"59;4;AfD;Alternative;für;Deutschland;Kumpf,;Mario"
430;"59;5;GRÜNE;BÜNDNIS;90/DIE;GRÜNEN;Pfeiffer-Prauß,;Sylvio"
431;"59;7;FDP;Freie;Demokratische;Partei;Schlagehan,;Christine"
432;"59;8;FREIE;WÄHLER;FREIE;WÄHLER;Hertrampf,;Rico"
433;"60;1;CDU;Christlich;Demokratische;Union;Deutschlands;Meyer,;Dr.;Stephan"
434;"60;2;DIE;LINKE;DIE;LINKE;Neumann,;Tuomo"
435;"60;3;SPD;Sozialdemokratische;Partei;Deutschlands;Herrmann,;Andreas"
436;"60;4;AfD;Alternative;für;Deutschland;Siegert,;Christian"
437;"60;5;GRÜNE;BÜNDNIS;90/DIE;GRÜNEN;Mühlich,;Marie"
438;"60;7;FDP;Freie;Demokratische;Partei;Grüner,;Hans"
